{"iresnet_siamese_22": [0.500923216342926, 0.573180079460144, 0.5613322257995605], "iresnet_arcface_50": [0.1918918639421463, 0.22742968797683716, 0.2297108769416809]}